--
-- PostgreSQL database dump
--

-- Dumped from database version 12.17 (Ubuntu 12.17-1.pgdg22.04+1)
-- Dumped by pg_dump version 12.17 (Ubuntu 12.17-1.pgdg22.04+1)

SET statement_timeout = 0;
SET lock_timeout = 0;
SET idle_in_transaction_session_timeout = 0;
SET client_encoding = 'UTF8';
SET standard_conforming_strings = on;
SELECT pg_catalog.set_config('search_path', '', false);
SET check_function_bodies = false;
SET xmloption = content;
SET client_min_messages = warning;
SET row_security = off;

DROP DATABASE universe;
--
-- Name: universe; Type: DATABASE; Schema: -; Owner: freecodecamp
--

CREATE DATABASE universe WITH TEMPLATE = template0 ENCODING = 'UTF8' LC_COLLATE = 'C.UTF-8' LC_CTYPE = 'C.UTF-8';


ALTER DATABASE universe OWNER TO freecodecamp;

\connect universe

SET statement_timeout = 0;
SET lock_timeout = 0;
SET idle_in_transaction_session_timeout = 0;
SET client_encoding = 'UTF8';
SET standard_conforming_strings = on;
SELECT pg_catalog.set_config('search_path', '', false);
SET check_function_bodies = false;
SET xmloption = content;
SET client_min_messages = warning;
SET row_security = off;

SET default_tablespace = '';

SET default_table_access_method = heap;

--
-- Name: galaxy; Type: TABLE; Schema: public; Owner: freecodecamp
--

CREATE TABLE public.galaxy (
    galaxy_id integer NOT NULL,
    name character varying(255) NOT NULL,
    description text,
    has_life boolean,
    distance_from_earth numeric
);


ALTER TABLE public.galaxy OWNER TO freecodecamp;

--
-- Name: galaxy_galaxy_id_seq; Type: SEQUENCE; Schema: public; Owner: freecodecamp
--

CREATE SEQUENCE public.galaxy_galaxy_id_seq
    AS integer
    START WITH 1
    INCREMENT BY 1
    NO MINVALUE
    NO MAXVALUE
    CACHE 1;


ALTER TABLE public.galaxy_galaxy_id_seq OWNER TO freecodecamp;

--
-- Name: galaxy_galaxy_id_seq; Type: SEQUENCE OWNED BY; Schema: public; Owner: freecodecamp
--

ALTER SEQUENCE public.galaxy_galaxy_id_seq OWNED BY public.galaxy.galaxy_id;


--
-- Name: moon; Type: TABLE; Schema: public; Owner: freecodecamp
--

CREATE TABLE public.moon (
    moon_id integer NOT NULL,
    name character varying(255) NOT NULL,
    planet_id integer,
    description text NOT NULL,
    is_spherical boolean NOT NULL
);


ALTER TABLE public.moon OWNER TO freecodecamp;

--
-- Name: moon_moon_id_seq; Type: SEQUENCE; Schema: public; Owner: freecodecamp
--

CREATE SEQUENCE public.moon_moon_id_seq
    AS integer
    START WITH 1
    INCREMENT BY 1
    NO MINVALUE
    NO MAXVALUE
    CACHE 1;


ALTER TABLE public.moon_moon_id_seq OWNER TO freecodecamp;

--
-- Name: moon_moon_id_seq; Type: SEQUENCE OWNED BY; Schema: public; Owner: freecodecamp
--

ALTER SEQUENCE public.moon_moon_id_seq OWNED BY public.moon.moon_id;


--
-- Name: planet; Type: TABLE; Schema: public; Owner: freecodecamp
--

CREATE TABLE public.planet (
    planet_id integer NOT NULL,
    name character varying(255) NOT NULL,
    star_id integer,
    planet_type character varying(255) NOT NULL,
    has_life boolean NOT NULL,
    age_in_millions_of_years integer NOT NULL
);


ALTER TABLE public.planet OWNER TO freecodecamp;

--
-- Name: planet_planet_id_seq; Type: SEQUENCE; Schema: public; Owner: freecodecamp
--

CREATE SEQUENCE public.planet_planet_id_seq
    AS integer
    START WITH 1
    INCREMENT BY 1
    NO MINVALUE
    NO MAXVALUE
    CACHE 1;


ALTER TABLE public.planet_planet_id_seq OWNER TO freecodecamp;

--
-- Name: planet_planet_id_seq; Type: SEQUENCE OWNED BY; Schema: public; Owner: freecodecamp
--

ALTER SEQUENCE public.planet_planet_id_seq OWNED BY public.planet.planet_id;


--
-- Name: satellite; Type: TABLE; Schema: public; Owner: freecodecamp
--

CREATE TABLE public.satellite (
    satellite_id integer NOT NULL,
    name character varying(255) NOT NULL,
    moon_id integer,
    launch_date date NOT NULL,
    is_operational boolean NOT NULL
);


ALTER TABLE public.satellite OWNER TO freecodecamp;

--
-- Name: satellite_satellite_id_seq; Type: SEQUENCE; Schema: public; Owner: freecodecamp
--

CREATE SEQUENCE public.satellite_satellite_id_seq
    AS integer
    START WITH 1
    INCREMENT BY 1
    NO MINVALUE
    NO MAXVALUE
    CACHE 1;


ALTER TABLE public.satellite_satellite_id_seq OWNER TO freecodecamp;

--
-- Name: satellite_satellite_id_seq; Type: SEQUENCE OWNED BY; Schema: public; Owner: freecodecamp
--

ALTER SEQUENCE public.satellite_satellite_id_seq OWNED BY public.satellite.satellite_id;


--
-- Name: star; Type: TABLE; Schema: public; Owner: freecodecamp
--

CREATE TABLE public.star (
    star_id integer NOT NULL,
    name character varying(255) NOT NULL,
    galaxy_id integer,
    age_in_millions_of_years integer NOT NULL,
    is_spherical boolean NOT NULL
);


ALTER TABLE public.star OWNER TO freecodecamp;

--
-- Name: star_star_id_seq; Type: SEQUENCE; Schema: public; Owner: freecodecamp
--

CREATE SEQUENCE public.star_star_id_seq
    AS integer
    START WITH 1
    INCREMENT BY 1
    NO MINVALUE
    NO MAXVALUE
    CACHE 1;


ALTER TABLE public.star_star_id_seq OWNER TO freecodecamp;

--
-- Name: star_star_id_seq; Type: SEQUENCE OWNED BY; Schema: public; Owner: freecodecamp
--

ALTER SEQUENCE public.star_star_id_seq OWNED BY public.star.star_id;


--
-- Name: galaxy galaxy_id; Type: DEFAULT; Schema: public; Owner: freecodecamp
--

ALTER TABLE ONLY public.galaxy ALTER COLUMN galaxy_id SET DEFAULT nextval('public.galaxy_galaxy_id_seq'::regclass);


--
-- Name: moon moon_id; Type: DEFAULT; Schema: public; Owner: freecodecamp
--

ALTER TABLE ONLY public.moon ALTER COLUMN moon_id SET DEFAULT nextval('public.moon_moon_id_seq'::regclass);


--
-- Name: planet planet_id; Type: DEFAULT; Schema: public; Owner: freecodecamp
--

ALTER TABLE ONLY public.planet ALTER COLUMN planet_id SET DEFAULT nextval('public.planet_planet_id_seq'::regclass);


--
-- Name: satellite satellite_id; Type: DEFAULT; Schema: public; Owner: freecodecamp
--

ALTER TABLE ONLY public.satellite ALTER COLUMN satellite_id SET DEFAULT nextval('public.satellite_satellite_id_seq'::regclass);


--
-- Name: star star_id; Type: DEFAULT; Schema: public; Owner: freecodecamp
--

ALTER TABLE ONLY public.star ALTER COLUMN star_id SET DEFAULT nextval('public.star_star_id_seq'::regclass);


--
-- Data for Name: galaxy; Type: TABLE DATA; Schema: public; Owner: freecodecamp
--

INSERT INTO public.galaxy VALUES (1, 'Milky Way', 'Our galaxy', true, 0);
INSERT INTO public.galaxy VALUES (2, 'Andromeda', 'Nearest spiral galaxy', false, 2537000);
INSERT INTO public.galaxy VALUES (3, 'Triangulum', 'Third largest in Local Group', false, 3000000);
INSERT INTO public.galaxy VALUES (4, 'Whirlpool', 'A classic spiral galaxy', false, 23000000);
INSERT INTO public.galaxy VALUES (5, 'Sombrero', 'A galaxy with a bright nucleus', false, 29000000);
INSERT INTO public.galaxy VALUES (6, 'Pinwheel', 'A face-on spiral galaxy', false, 21000000);


--
-- Data for Name: moon; Type: TABLE DATA; Schema: public; Owner: freecodecamp
--

INSERT INTO public.moon VALUES (1, 'Moon', 1, 'Earth moon', true);
INSERT INTO public.moon VALUES (2, 'Phobos', 2, 'Mars moon', true);
INSERT INTO public.moon VALUES (3, 'Deimos', 2, 'Mars moon', true);
INSERT INTO public.moon VALUES (4, 'Europa', 4, 'Jupiter moon', true);
INSERT INTO public.moon VALUES (5, 'Ganymede', 4, 'Jupiter moon', true);
INSERT INTO public.moon VALUES (6, 'Callisto', 4, 'Jupiter moon', true);
INSERT INTO public.moon VALUES (7, 'Io', 4, 'Jupiter moon', true);
INSERT INTO public.moon VALUES (8, 'Titan', 5, 'Saturn moon', true);
INSERT INTO public.moon VALUES (9, 'Rhea', 5, 'Saturn moon', true);
INSERT INTO public.moon VALUES (10, 'Iapetus', 5, 'Saturn moon', true);
INSERT INTO public.moon VALUES (11, 'Dione', 5, 'Saturn moon', true);
INSERT INTO public.moon VALUES (12, 'Triton', 6, 'Neptune moon', true);
INSERT INTO public.moon VALUES (13, 'Nereid', 6, 'Neptune moon', true);
INSERT INTO public.moon VALUES (14, 'Oberon', 7, 'Uranus moon', true);
INSERT INTO public.moon VALUES (15, 'Titania', 7, 'Uranus moon', true);
INSERT INTO public.moon VALUES (16, 'Ariel', 7, 'Uranus moon', true);
INSERT INTO public.moon VALUES (17, 'Umbriel', 7, 'Uranus moon', true);
INSERT INTO public.moon VALUES (18, 'Miranda', 7, 'Uranus moon', true);
INSERT INTO public.moon VALUES (19, 'Charon', 8, 'Pluto moon', true);
INSERT INTO public.moon VALUES (20, 'Styx', 8, 'Pluto moon', true);


--
-- Data for Name: planet; Type: TABLE DATA; Schema: public; Owner: freecodecamp
--

INSERT INTO public.planet VALUES (1, 'Earth', 1, 'Terrestrial', true, 4500);
INSERT INTO public.planet VALUES (2, 'Mars', 1, 'Terrestrial', false, 4500);
INSERT INTO public.planet VALUES (3, 'Proxima b', 2, 'Exoplanet', false, 5000);
INSERT INTO public.planet VALUES (4, 'Jupiter', 1, 'Gas Giant', false, 4500);
INSERT INTO public.planet VALUES (5, 'Saturn', 1, 'Gas Giant', false, 4500);
INSERT INTO public.planet VALUES (6, 'Neptune', 1, 'Ice Giant', false, 4500);
INSERT INTO public.planet VALUES (7, 'Uranus', 1, 'Ice Giant', false, 4500);
INSERT INTO public.planet VALUES (8, 'Kepler-22b', 2, 'Exoplanet', false, 6000);
INSERT INTO public.planet VALUES (9, 'Gliese 581g', 2, 'Exoplanet', false, 7000);
INSERT INTO public.planet VALUES (10, 'HD 209458 b', 2, 'Exoplanet', false, 8000);
INSERT INTO public.planet VALUES (11, '55 Cancri e', 2, 'Exoplanet', false, 9000);
INSERT INTO public.planet VALUES (12, 'Tau Ceti e', 2, 'Exoplanet', false, 10000);


--
-- Data for Name: satellite; Type: TABLE DATA; Schema: public; Owner: freecodecamp
--

INSERT INTO public.satellite VALUES (1, 'Hubble', 1, '1990-04-24', true);
INSERT INTO public.satellite VALUES (2, 'Voyager 1', 2, '1977-09-05', true);
INSERT INTO public.satellite VALUES (3, 'Cassini', 3, '1997-10-15', false);
INSERT INTO public.satellite VALUES (4, 'Galileo', 4, '1989-10-18', false);
INSERT INTO public.satellite VALUES (5, 'New Horizons', 5, '2006-01-19', true);
INSERT INTO public.satellite VALUES (6, 'Juno', 6, '2011-08-05', true);


--
-- Data for Name: star; Type: TABLE DATA; Schema: public; Owner: freecodecamp
--

INSERT INTO public.star VALUES (1, 'Sun', 1, 4600, true);
INSERT INTO public.star VALUES (2, 'Alpha Centauri', 2, 5500, true);
INSERT INTO public.star VALUES (3, 'Betelgeuse', 3, 8000, true);
INSERT INTO public.star VALUES (4, 'Sirius', 1, 300, true);
INSERT INTO public.star VALUES (5, 'Vega', 1, 455, true);
INSERT INTO public.star VALUES (6, 'Rigel', 3, 8000, true);


--
-- Name: galaxy_galaxy_id_seq; Type: SEQUENCE SET; Schema: public; Owner: freecodecamp
--

SELECT pg_catalog.setval('public.galaxy_galaxy_id_seq', 6, true);


--
-- Name: moon_moon_id_seq; Type: SEQUENCE SET; Schema: public; Owner: freecodecamp
--

SELECT pg_catalog.setval('public.moon_moon_id_seq', 20, true);


--
-- Name: planet_planet_id_seq; Type: SEQUENCE SET; Schema: public; Owner: freecodecamp
--

SELECT pg_catalog.setval('public.planet_planet_id_seq', 12, true);


--
-- Name: satellite_satellite_id_seq; Type: SEQUENCE SET; Schema: public; Owner: freecodecamp
--

SELECT pg_catalog.setval('public.satellite_satellite_id_seq', 6, true);


--
-- Name: star_star_id_seq; Type: SEQUENCE SET; Schema: public; Owner: freecodecamp
--

SELECT pg_catalog.setval('public.star_star_id_seq', 6, true);


--
-- Name: galaxy galaxy_name_key; Type: CONSTRAINT; Schema: public; Owner: freecodecamp
--

ALTER TABLE ONLY public.galaxy
    ADD CONSTRAINT galaxy_name_key UNIQUE (name);


--
-- Name: galaxy galaxy_pkey; Type: CONSTRAINT; Schema: public; Owner: freecodecamp
--

ALTER TABLE ONLY public.galaxy
    ADD CONSTRAINT galaxy_pkey PRIMARY KEY (galaxy_id);


--
-- Name: moon moon_name_key; Type: CONSTRAINT; Schema: public; Owner: freecodecamp
--

ALTER TABLE ONLY public.moon
    ADD CONSTRAINT moon_name_key UNIQUE (name);


--
-- Name: moon moon_pkey; Type: CONSTRAINT; Schema: public; Owner: freecodecamp
--

ALTER TABLE ONLY public.moon
    ADD CONSTRAINT moon_pkey PRIMARY KEY (moon_id);


--
-- Name: planet planet_name_key; Type: CONSTRAINT; Schema: public; Owner: freecodecamp
--

ALTER TABLE ONLY public.planet
    ADD CONSTRAINT planet_name_key UNIQUE (name);


--
-- Name: planet planet_pkey; Type: CONSTRAINT; Schema: public; Owner: freecodecamp
--

ALTER TABLE ONLY public.planet
    ADD CONSTRAINT planet_pkey PRIMARY KEY (planet_id);


--
-- Name: satellite satellite_name_key; Type: CONSTRAINT; Schema: public; Owner: freecodecamp
--

ALTER TABLE ONLY public.satellite
    ADD CONSTRAINT satellite_name_key UNIQUE (name);


--
-- Name: satellite satellite_pkey; Type: CONSTRAINT; Schema: public; Owner: freecodecamp
--

ALTER TABLE ONLY public.satellite
    ADD CONSTRAINT satellite_pkey PRIMARY KEY (satellite_id);


--
-- Name: star star_name_key; Type: CONSTRAINT; Schema: public; Owner: freecodecamp
--

ALTER TABLE ONLY public.star
    ADD CONSTRAINT star_name_key UNIQUE (name);


--
-- Name: star star_pkey; Type: CONSTRAINT; Schema: public; Owner: freecodecamp
--

ALTER TABLE ONLY public.star
    ADD CONSTRAINT star_pkey PRIMARY KEY (star_id);


--
-- Name: moon moon_planet_id_fkey; Type: FK CONSTRAINT; Schema: public; Owner: freecodecamp
--

ALTER TABLE ONLY public.moon
    ADD CONSTRAINT moon_planet_id_fkey FOREIGN KEY (planet_id) REFERENCES public.planet(planet_id);


--
-- Name: planet planet_star_id_fkey; Type: FK CONSTRAINT; Schema: public; Owner: freecodecamp
--

ALTER TABLE ONLY public.planet
    ADD CONSTRAINT planet_star_id_fkey FOREIGN KEY (star_id) REFERENCES public.star(star_id);


--
-- Name: satellite satellite_moon_id_fkey; Type: FK CONSTRAINT; Schema: public; Owner: freecodecamp
--

ALTER TABLE ONLY public.satellite
    ADD CONSTRAINT satellite_moon_id_fkey FOREIGN KEY (moon_id) REFERENCES public.moon(moon_id);


--
-- Name: star star_galaxy_id_fkey; Type: FK CONSTRAINT; Schema: public; Owner: freecodecamp
--

ALTER TABLE ONLY public.star
    ADD CONSTRAINT star_galaxy_id_fkey FOREIGN KEY (galaxy_id) REFERENCES public.galaxy(galaxy_id);


--
-- PostgreSQL database dump complete
--

